[
  {
    "name": "Atlas",
    "location": "Platinum Bay - HUR-L5",
    "size": "1"
  },
  {
    "name": "XL-1",
    "location": "Contested Zones",
    "size": "2"
  },
  {
    "name": "VK-00",
    "location": "Contested Zones",
    "size": "1"
  },
  {
    "name": "TS-2",
    "location": "Contested Zones",
    "size": "3"
  },
  {
    "name": "Erebos",
    "location": "Platinum Bay - ARC-L1",
    "size": "3"
  },
  {
    "name": "Hemera",
    "location": "Platinum Bay - CRU-L1",
    "size": "2"
  }
]
